Specie_FAO,Peso_medio_ind_kg,kg_2019,kg_2020,kg_2021,kg_2022,kg_2023,Media_kg_5anni,Individui_annui,Percentuale_ind
"Abalone (Haliotis spp.), frozen",1.5,7.12,2.7,0.9,3.9799999999999995,6.37,4.214,2809.3333333333335,0.00013744326710330205
"Abalone meat, prepared or preserved",1.5,0.05,0.01,0.09,0.02,0.0,0.033999999999999996,22.66666666666666,1.1089395067660814e-06
"Abalones, dried, salted or in brine, smoked",1.5,0.0,0.0,0.0,0.0,0.62,0.124,82.66666666666667,4.044367612911593e-06
"Abalones, shucked or not, live,fresh or chilled",1.5,17.1,14.510000000000002,7.2299999999999995,20.150000000000002,5.32,12.862,8574.666666666666,0.0004195052922360395
Agar agar nei,1.5,77.18,47.97,78.57,105.73,226.7,107.22999999999999,71486.66666666666,0.0034973995091331454
"Alaska pollock fillets, frozen",1.5,35862.79,35840.99,29656.93,29103.87,31698.660000000003,32432.647999999997,21621765.333333332,1.057818961065822
"Alaska pollock, fresh or chilled",1.5,212.97,267.09000000000003,253.51000000000002,215.32999999999998,93.86,208.552,139034.66666666666,0.006802104471031761
"Alaska pollock, frozen",1.5,1036.07,230.07,115.59,0.73,19.310000000000002,280.3539999999999,186902.66666666663,0.009143989014114649
"Alaska pollock, meat, whether or not minced, frozen",1.5,2010.48,606.89,766.15,741.5899999999999,1780.75,1181.172,787448.0,0.03852494985546783
"Alaska pollock, not minced, prepared or preserved",1.5,20572.61,21326.66,21792.58,18048.42,16056.74,19559.402000000002,13039601.333333334,0.6379468707799858
"Albacore (=Longfin tuna), fresh or chilled",1.5,101.81,96.36,40.5,41.52,58.540000000000006,67.74600000000001,45164.00000000001,0.0022095945830992647
"Albacore (=Longfin tuna), frozen, nei",1.5,9.21,3.81,2.9099999999999997,1.27,0.28,3.496000000000001,2330.6666666666674,0.0001140250739898301
"American/European lobsters (Homarus spp.), live, fresh or chilled, nei",1.5,1.79,1.95,3.2600000000000002,3.04,3.08,2.6239999999999997,1749.333333333333,8.558403722806465e-05
"American/European lobsters (Homarus spp.), meat or tails, even smoked, frozen",1.5,120.77,82.55,192.07,450.5,275.78000000000003,224.334,149556.0,0.0073168480973783
"American/European lobsters (Homarus spp.), meat or tails, fresh or chilled",1.5,20.38,21.860000000000003,34.05,4.3100000000000005,6.59,17.438,11625.333333333334,0.0005687555034996158
"American/European lobsters (Homarus spp.), nei, even smoked, frozen",1.5,1.7899999999999998,1.29,1.23,1.74,0.71,1.352,901.3333333333334,4.4096653327874784e-05
"American/European lobsters (Homarus spp.), whole, even smoked, frozen",1.5,316.68,430.99,402.8,453.58,413.65000000000003,403.54,269026.6666666667,0.013161807310599549
"American/European lobsters (Homarus spp.), whole, fresh or chilled",1.5,54.580000000000005,86.28,30.67,66.67,82.6,64.16000000000001,42773.333333333336,0.0020926340810032886
"Anchovies (Engraulis spp), fresh or chilled",1.5,49.46,64.96000000000001,78.16,76.66,54.800000000000004,64.808,43205.333333333336,0.0021137691633675362
"Anchovies minced, prepared or preserved",1.5,75.42999999999999,36.01,29.810000000000002,32.16,36.88,42.058,28038.666666666668,0.0013717581698696434
"Anchovies nei, dried, whether or not salted, but not smoked",1.5,5.1,5.45,2.22,8.0,1.52,4.458,2972.0,0.00014540153885774095
"Anchovies, Indian mackerels, seerfishes, jacks, crevalles, silver pomfrets, Pacif. saury, scads, capelin, Kawakawa, bonitos, marlins, sailfishes, spearfish, frozen",1.5,283.1,333.47,1342.24,936.87,1879.9699999999998,955.1299999999999,636753.3333333333,0.03115239385580846
"Anchovies, frozen",1.5,73.60000000000001,51.79,90.60000000000001,43.16,60.5,63.92999999999999,42619.99999999999,0.002085132431398694
"Anchovies, prepared or preserved, not minced",1.5,416.69,342.79999999999995,418.01,297.73,188.66,332.778,221852.0,0.010853843270076564
"Anchovies, salted or in brine",1.5,2.74,1.85,2.12,2.13,1.61,2.09,1393.3333333333333,6.816716379826796e-05
"Angler (=Monk) fillets, frozen",1.5,75.55,88.37,89.77,159.59,158.73,114.402,76268.0,0.0037313205133250966
"Angler (=monk), fresh or chilled",1.5,4696.09,4621.89,8009.999999999999,7621.15,8844.0,6758.625999999999,4505750.666666666,0.2204384524369534
"Angler (=monk), frozen",1.5,147.2,90.7,113.94,229.88,105.75,137.494,91662.66666666667,0.004484486133626343
"Angler (=monk), meat, frozen",1.5,5.04,3.46,3.32,9.11,22.459999999999997,8.678,5785.333333333333,0.0002830405011681193
"Argentinian hake fillets, frozen",1.5,4.579999999999999,11.66,16.61,6.9799999999999995,21.02,12.169999999999998,8113.333333333332,0.0003969351116865651
"Argentinian hake, frozen",1.5,21.63,29.02,37.18,34.99,52.91,35.146,23430.666666666668,0.0011463172913176681
"Atlantic (Thunnus thynnus), Pacific (T.orientalis) bluefin tuna, live",1.5,1.82,1.05,1.72,0.39,0.08,1.012,674.6666666666666,3.300725826021396e-05
"Atlantic and Danube salmons, fresh or chilled",1.5,685768.9400000001,713541.84,729047.95,730696.25,681492.79,708109.554,472073036.0,23.095607633797357
"Atlantic cod fillets, frozen",1.5,5053.12,5414.67,6330.91,4176.92,3960.73,4987.27,3324846.6666666665,0.16266413923262577
"Atlantic cod, fillets, fresh or chilled",1.5,4503.14,3313.1,4737.59,3719.6400000000003,2799.7300000000005,3814.6400000000003,2543093.3333333335,0.124417794120299
"Atlantic cod, fresh or chilled",1.5,41581.61,40861.77,42735.119999999995,39648.99,42302.7,41426.038,27617358.666666668,1.3511461807939107
"Atlantic cod, frozen",1.5,21347.920000000002,23615.850000000002,28071.93,27469.829999999998,24005.12,24902.13,16601420.0,0.8122045811654367
"Atlantic cod, meat, frozen",1.5,3883.87,3534.9799999999996,6622.25,5444.51,3635.2799999999997,4624.178,3082785.3333333335,0.15082157854466374
"Atlantic cod, salted or in brine",1.5,166.32999999999998,72.01,98.63,95.06,101.39999999999999,106.68599999999999,71124.0,0.003479656477024888
"Atlantic halibut, dried, whether or not salted",1.5,0.05,0.0,0.0,15.37,0.1,3.104,2069.3333333333335,0.00010123965379417406
"Atlantic halibut, fresh or chilled",1.5,4263.21,3178.85,3274.69,3439.52,3955.46,3622.346,2414897.3333333335,0.11814595842870851
"Atlantic halibut, frozen",1.5,96.19,80.5,139.52,114.48,60.230000000000004,98.18400000000001,65456.00000000001,0.003202356368597676
"Atlantic halibut, smoked",1.5,3.94,2.55,2.78,16.759999999999998,2.73,5.752,3834.6666666666665,0.00018760647185054417
"Atlantic herring fillets, fresh or chilled",1.5,0.0,4.53,0.0,0.0,0.0,0.906,604.0,2.9549976268531475e-05
"Atlantic herring, fresh or chilled",1.5,30200.19,24274.36,26166.24,20745.59,17683.48,23813.972,15875981.333333334,0.7767133636418025
"Atlantic herring, frozen",1.5,16236.11,16208.1,13957.630000000001,16513.54,12351.78,15053.432,10035621.333333334,0.4909807487416692
"Atlantic herring, not minced, prep. or pres., nei",1.5,279.72,89.71000000000001,406.17,175.39999999999998,613.2700000000001,312.85400000000004,208569.33333333337,0.010204004719111641
"Atlantic herring, smoked",1.5,0.02,0.0,0.0,0.0,1.77,0.358,238.66666666666666,1.1676480688889918e-05
"Atlantic mackerel prepared or preserved, not minced",1.5,17.02,5.69,5.1899999999999995,8.23,9.04,9.033999999999999,6022.666666666665,0.00029465175012131705
"Atlantic mackerel, fresh or chilled",1.5,8069.03,6615.74,591.29,2815.12,5136.49,4645.534,3097022.6666666665,0.1515181230183842
"Atlantic mackerel, frozen",1.5,13388.66,15347.37,15610.730000000001,18420.21,14830.06,15519.405999999999,10346270.666666666,0.5061788951453697
"Atlantic redfishes, fillets, frozen",1.5,1149.97,929.95,1185.77,1331.3999999999999,984.6800000000001,1116.354,744236.0,0.036410854533421834
"Atlantic redfishes, fresh or chilled",1.5,15052.82,14257.14,18396.61,15895.14,13872.01,15494.744,10329829.333333334,0.5053745226125502
"Atlantic redfishes, frozen",1.5,1379.8,1642.22,2376.53,2281.8799999999997,2111.84,1958.4540000000002,1305636.0000000002,0.06387667684659001
"Atlantic salmon and Danube salmon, frozen",1.5,4051.4300000000003,4232.25,12340.07,9971.42,13240.27,8767.088,5844725.333333333,0.28594618360278923
"Atlantic salmon, not minced, prepared or preserved",1.5,15.54,52.879999999999995,31.17,8.73,12.430000000000001,24.15,16100.0,0.0007876732084823787
"Atlantic(Thunnus thynnus)and Pacific(Thunnus orientalis)bluefin tuna, fresh or chilled",1.5,27.229999999999997,76.7,47.11,59.339999999999996,65.12,55.1,36733.333333333336,0.001797134318317974
"Atlantic(Thunnus thynnus)and Pacific(Thunnus orientalis)bluefin tuna, frozen",1.5,2.85,2.8299999999999996,7.31,0.61,0.6699999999999999,2.8539999999999996,1902.6666666666663,9.308568683265873e-05
"Balls, cakes, sausages, etc.prepared from minced fish",1.5,69.60000000000001,82.05,45.21,51.76,82.57000000000001,66.238,44158.666666666664,0.0021604098543874036
"Bigeye tuna, fresh or chilled",1.5,5.13,7.46,49.79,53.9,30.180000000000003,29.292,19528.0,0.0009553840009468255
"Bigeye tuna, frozen, nei",1.5,0.0,0.0,0.0,2.38,0.04,0.484,322.6666666666667,1.5786080037493635e-05
"Blue mackerel, frozen",1.5,9.33,46.15,32.78,53.36,48.82,38.088,25392.0,0.00124227317452078
"Blue shark ""Prionace glauca"", fillets, fresh or chilled",1.5,2.83,3.3,1.88,4.04,3.55,3.12,2080.0,0.00010176150767971103
"Blue shark ""Prionace glauca"", fillets, frozen",1.5,8.850000000000001,3.39,2.08,2.13,0.05,3.3000000000000007,2200.0000000000005,0.00010763236389200209
"Blue shark ""Prionace glauca"", fresh or chilled",1.5,8.26,0.18,0.18,0.09,0.37,1.8159999999999996,1210.6666666666663,5.923041600844717e-05
"Blue shark ""Prionace glauca"", frozen",1.5,0.0,0.0,0.85,0.0,0.0,0.16999999999999998,113.33333333333331,5.544697533830408e-06
"Blue whiting (Micromesistius poutassou), frozen",1.5,48475.58,44475.28,37884.77,21996.41,40899.479999999996,38746.304000000004,25830869.333333332,1.2637443307873135
"Blue whitings (Micromesistius poutassou, Micromesistius australis), fresh or chilled",1.5,47276.89,37358.43,30875.77,16504.52,22565.38,30916.198000000004,20610798.666666668,1.0083586282706625
"Bonito (Sarda spp.), not minced, prepared or preserved, nei",1.5,50.97,29.6,47.6,91.78999999999999,116.69,67.33,44886.666666666664,0.002196026382075302
"Brisling or sprats, fresh or chilled",1.5,58807.11,42335.91,53922.93,64960.72,60959.840000000004,56197.302,37464868.0,1.8329237753371923
"Brisling or sprats, frozen",1.5,3239.98,1310.85,1041.23,1261.23,1882.8,1747.2179999999996,1164811.9999999998,0.05698703138625939
"Cape hake fillets, frozen",1.5,2021.43,2138.41,2553.55,2561.31,2904.31,2435.802,1623868.0,0.07944579613117163
"Cape hake, fresh or chilled",1.5,239.06,205.81,35.489999999999995,107.39,228.48,163.246,108830.66666666667,0.005324409962398112
"Cape hake, frozen",1.5,86.78,127.39,140.37,360.06,222.34,187.388,124925.33333333333,0.006111822243937721
"Capelin, fresh or chilled",1.5,0.95,0.0,0.0,0.0,0.0,0.19,126.66666666666667,6.197014890751634e-06
Carps live,1.5,12.74,11.81,3.65,3.5500000000000003,6.47,7.644,5096.0,0.000249315693815292
"Carps, eels and snakeheads, fillets, fresh or chilled",1.5,235.76,111.05,23.540000000000003,24.25,525.89,184.098,122732.0,0.00600451603872418
"Carps, eels and snakeheads, fillets, frozen",1.5,11.319999999999999,13.1,4.0600000000000005,6.4799999999999995,18.46,10.684,7122.666666666667,0.0003484679320673182
"Carps, fresh or chilled",1.5,61.17,114.64,93.9,66.66999999999999,88.18,84.912,56608.0,0.002769478570544751
"Carps, frozen",1.5,96.64,170.31,240.96,234.82,191.66,186.878,124585.33333333333,0.00609518815133623
"Catfish fillets, fresh or chilled",1.5,1172.22,739.1999999999999,612.98,691.05,705.07,784.104,522736.0,0.025574232441567993
"Catfish fillets, frozen",1.5,4614.73,3478.7000000000003,3569.47,4136.5199999999995,3747.4399999999996,3909.3719999999994,2606247.9999999995,0.12750756051309206
"Catfish, fresh or chilled",1.5,213.12,193.2,130.0,79.52,67.74000000000001,136.71599999999998,91143.99999999999,0.0044591109884421064
"Catfish, frozen",1.5,715.3800000000001,977.07,1095.23,1037.67,1281.9,1021.45,680966.6666666666,0.03331547821135924
Caviar,1.5,165.44,39.29,27.43,22.53,19.11,54.760000000000005,36506.66666666667,0.001786044923250313
Caviar substitutes,1.5,2757.77,2335.31,2359.2200000000003,2425.87,8630.95,3701.8240000000005,2467882.666666667,0.12073820237337778
"Clams, cockles, arkshells nei, dried, salted or in brine, smoked",1.5,138.29,11.2,123.09,15.18,73.90999999999998,72.33399999999999,48222.66666666666,0.0023592361847769926
"Clams, cockles, arkshells, etc., prep. or pres., nei",1.5,982.8,1617.15,1752.38,1965.66,1225.16,1508.6299999999999,1005753.3333333331,0.04920527670860334
"Clams, cockles, arkshells, frozen",1.5,101.71,69.78,188.06,169.81,222.23,150.318,100212.0,0.004902752022884232
"Clams, cockles, arkshells, live, fresh or chilled",1.5,6501.65,5946.46,2570.5099999999998,2755.81,2354.76,4025.8380000000006,2683892.0000000005,0.1313062001776515
"Cobia, fresh or chilled",1.5,1.0,0.01,2.1399999999999997,0.0,0.18,0.6659999999999999,443.99999999999994,2.1722167985476776e-05
"Cobia, frozen",1.5,574.98,102.03999999999999,0.0,0.0,0.0,135.404,90269.33333333333,0.004416318969828074
"Cod fillets in blocks, frozen, nei",1.5,3311.78,3016.21,3744.47,2548.55,2834.12,3091.0259999999994,2060683.9999999998,0.10081649552473924
Cod liver oil,1.5,42.55,238.19,328.14,226.06,225.46,212.08,141386.66666666666,0.006917173252792665
"Cod nei fillets, dried, salted or in brine",1.5,622.1999999999999,437.43,540.03,449.01000000000005,253.97,460.52799999999996,307018.6666666666,0.015020520387410885
"Cod nei, fillets, frozen",1.5,38353.05,32462.41,28266.08,23347.61,19027.35,28291.3,18860866.666666668,0.9227453019932721
"Cod, dried, unsalted (stockfish)",1.5,241.77,341.91,186.39000000000001,148.66,154.73,214.692,143128.0,0.007002365899606578
"Cod, meat, frozen",1.5,866.37,507.04999999999995,532.66,317.39000000000004,213.79999999999998,487.454,324969.3333333333,0.01589873524503393
"Cod, salted and dried (klipfish)",1.5,2067.13,1705.0900000000001,1448.73,1731.04,1444.85,1679.368,1119578.6666666667,0.05477404475290416
"Cods nei, fillets, fresh or chilled",1.5,21609.52,18699.43,21722.18,19440.3,14779.37,19250.159999999996,12833439.999999998,0.627860674575534
"Cods nei, frozen",1.5,0.0,1.33,0.0,0.0,0.0,0.266,177.33333333333334,8.675820847052289e-06
"Cods nei, salted or in brine",1.5,431.96,420.11,2896.4900000000002,250.70000000000002,550.0,909.8520000000001,606568.0000000001,0.02967561259147451
"Cods, fresh or chilled, nei",1.5,35397.07,35156.1,43367.35,38529.87,32097.46,36909.56999999999,24606379.999999996,1.2038376573749459
"Cods, not minced, prepared or preserved",1.5,3964.25,4256.5,3853.61,4338.77,3561.38,3994.9020000000005,2663268.0000000005,0.13029719568996573
"Cold-water shrimps and prawns (Pandalus spp., Crangon crangon), frozen, even smoked, whether in shell or not",1.5,0.0,0.0,0.0,17.16,0.15000000000000002,3.4619999999999997,2307.9999999999995,0.00011291613448306394
"Cold-water shrimps and prawns (Pandalus spp., Crangon crangon), live, fresh or chilled",1.5,326.0,464.45,467.5,797.89,675.55,546.278,364185.3333333333,0.017817331055210633
"Cold-water shrimps and prawns Pandalus spp, in shell or not, live, fresh or chilled",1.5,61.9,28.66,235.12,831.87,622.39,355.988,237325.33333333334,0.011610857562783647
"Common shrimp (Crangon crangon), even smoked, frozen",1.5,2040.63,1539.12,1524.17,1483.04,1371.6000000000001,1591.712,1061141.3333333333,0.051915068240989806
"Common sole (Solea Solea), frozen",1.5,681.58,796.44,628.25,704.84,456.25,653.472,435648.0,0.021313556393101323
"Common sole (Solea solea), fresh or chilled",1.5,2796.1800000000003,3875.32,7127.7,3021.04,2866.01,3937.25,2624833.3333333335,0.12841682567690457
"Coquilles St. Jacques ""Pecten maximus"", with or without shell, frozen",1.5,412.38000000000005,475.03000000000003,1820.72,1829.15,1237.5,1154.9560000000001,769970.6666666669,0.0376698922640155
Coral and the like,1.5,0.05,0.0,23.62,13.58,45.62,16.574,11049.333333333334,0.0005405753936806189
"Crab (Cancer pagurus), frozen",1.5,2138.97,2218.08,2581.86,2844.76,1553.46,2267.4260000000004,1511617.3333333337,0.07395406676672325
"Crab meat nei, prepared or preserved",1.5,900.97,798.51,1779.9,1696.02,1009.7,1237.02,824680.0,0.040346480842934664
"Crabs nei, frozen",1.5,2559.5299999999997,2138.13,3437.0,3321.1,3356.64,2962.48,1974986.6666666667,0.09662385617659948
"Crabs, dried, salted or in brine, smoked, nei",1.5,65.27000000000001,48.7,49.87,28.7,2.3,38.968,25978.666666666668,0.0012709751382253142
"Crabs, peeled or not, live, fresh or chilled, nei",1.5,408.55,709.8000000000001,1067.1799999999998,1120.27,1235.3700000000001,908.234,605489.3333333334,0.029622840117299577
"Crayfish (freshwater), even smoked, frozen",1.5,39.85,29.22,909.0799999999999,1061.21,439.33,495.738,330492.0,0.016168925094270703
"Crayfish (freshwater), live, fresh or chilled",1.5,19.99,10.58,32.53,40.69,59.3,32.617999999999995,21745.333333333332,0.001063864377402825
"Crustaceans live, for human consumption, nei",1.5,41.76,43.48,46.28,131.84,12.33,55.138,36758.666666666664,0.001798373721296124
"Crustaceans nei, dried, salted or in brine, smoked",1.5,1115.6,1197.41,661.97,566.14,91.19,726.4620000000001,484308.00000000006,0.023694188587185337
"Crustaceans nei, even smoked, frozen",1.5,675.57,639.64,184.9,87.53999999999999,140.79,345.688,230458.66666666666,0.011274914123969212
"Crustaceans nei, prepared or preserved",1.5,3808.6400000000003,2876.33,2952.9700000000003,3748.51,2628.5299999999997,3202.996,2135330.6666666665,0.10446849424746273
"Crustaceans, live, fresh, chilled or boiled in water, nei",1.5,0.0,0.02,0.0,0.0,0.37,0.078,52.0,2.5440376919927757e-06
"Cusk-eel (=kingklip), fresh or chilled",1.5,0.97,2.35,3.75,1.7000000000000002,1.07,1.968,1312.0,6.41880279210485e-05
"Cusk-eel (=kingklip), frozen",1.5,0.0,0.0,0.08,0.2,1.42,0.33999999999999997,226.66666666666663,1.1089395067660816e-05
"Cuttlefish ""Sepia officinalis"" and ""Rossia macrosoma"", with or without shell, frozen",1.5,272.59,261.43,642.11,741.97,1540.58,691.7360000000001,461157.33333333343,0.022561569960363015
"Cuttlefish ""Sepia officinalis, Rossia macrosoma, Sepiola spp."", smoked, dried, salted/in brine, with or without shell",1.5,34.97,24.28,21.11,60.88,124.13,53.074,35382.666666666664,0.0017310545700618535
"Cuttlefish ""Sepiola"", with or without shell (excl. ""Sepiola rondeleti""), frozen",1.5,23.47,38.09,58.510000000000005,31.330000000000002,30.57,36.394,24262.666666666668,0.0011870218943895526
"Cuttlefish (Sepia off., Rossia macrosoma, Sepiola rondeleti), live, fresh or chilled",1.5,863.28,705.42,1604.84,1382.6799999999998,1632.24,1237.6919999999998,825127.9999999999,0.040368398706127205
"Cuttlefish and squid, dried, salted or in brine, smoked nei",1.5,202.75,19.7,16.68,12.58,5.18,51.378,34252.0,0.0016757380581949339
"Cuttlefish and squid, frozen, nei",1.5,1077.0400000000002,1416.2,1114.7,1265.22,1511.16,1276.864,851242.6666666666,0.04164602748139312
"Cuttlefish and squid, live, fresh or chilled, nei",1.5,263.22,94.63,112.61,304.71999999999997,229.24,200.88400000000001,133922.66666666666,0.0065520059963881635
"Cuttlefish and squid, other than live, fresh or chilled",1.5,1.88,0.69,4.65,1.0,0.06,1.6560000000000001,1104.0000000000002,5.401187715307741e-05
"Cuttlefish and squid, prepared or preserved",1.5,3016.74,3080.01,2851.42,3231.08,2674.4900000000002,2970.748,1980498.6666666667,0.09689352417195071
"Deepwater rose shrimps (Parapenaeus longirostris), frozen",1.5,11.92,17.65,24.66,22.21,24.0,20.088,13392.0,0.000655187553291678
"Dogfish (Squalidae) and catshark fillets, frozen",1.5,12.16,4.46,1.41,1.7400000000000002,6.83,5.32,3546.6666666666665,0.00017351641694104573
"Dogfish (Squalidae) and other sharks, fillets, fresh or chilled",1.5,0.03,0.16,0.68,0.25,18.87,3.998,2665.3333333333335,0.00013039823964855281
"Dogfish (Squalidae) and other sharks, meat, frozen",1.5,0.0,0.0,0.61,26.59,0.0,5.4399999999999995,3626.666666666666,0.00017743032108257306
"Dogfish (Squalidae), fresh or chilled",1.5,346.6,363.55,336.41999999999996,290.28000000000003,290.01,325.372,216914.66666666666,0.010612290152808634
"Dogfish and other sharks nei (excl. Squalus acanthias, Scyliorhinus spp., Lamna nasus, Prionace glauca), frozen",1.5,733.25,405.66,68.47,86.14000000000001,58.36,270.37600000000003,180250.66666666672,0.008818547884746654
"Dogfish and other sharks, meat, whether or not minced, fresh or chilled",1.5,1.09,0.02,0.0,0.0,0.01,0.22400000000000003,149.33333333333334,7.3059543975177155e-06
"Edible Crab (Cancer pagurus), in shell or not, live, fresh or chilled",1.5,2252.2799999999997,3512.69,2238.09,3718.42,5715.37,3487.37,2324913.3333333335,0.11374359905031856
"Edible Crabs (Cancer pagurus),  in shell or not, dried, salted/in brine, smoked,  cooked by steaming/boiling in water",1.5,198.85999999999999,210.09,59.85999999999999,167.95000000000002,394.65999999999997,206.28400000000002,137522.6666666667,0.006728131682756895
Eels and elvers live,1.5,1245.79,1347.91,1501.84,633.37,656.27,1077.036,718024.0,0.0351284638414504
"Eels, fresh or chilled",1.5,355.48999999999995,267.24,276.66999999999996,243.6,232.19,275.038,183358.66666666666,0.008970603060644988
"Eels, frozen",1.5,145.71,88.85,124.22,150.35999999999999,213.31,144.49,96326.66666666667,0.004712666745077388
"Eels, smoked",1.5,38.85,36.24,42.37,49.57,38.81,41.168,27445.333333333332,0.0013427300474866486
"European flying squid ""Todarodes sagittatus"", frozen",1.5,27.57,28.43,3.15,0.51,0.82,12.096,8064.0,0.0003945215374659566
"European flying squid ""Todarodes sagittatus"", live, fresh or chilled",1.5,55.239999999999995,96.25999999999999,6.26,1.36,2.23,32.269999999999996,21513.333333333332,0.0010525140553923958
"European flying squid ""Todarodes sagittatus"", smoked, dried, salted/in brine",1.5,0.43,0.02,0.1,0.01,1.0699999999999998,0.32599999999999996,217.3333333333333,1.0632772917815958e-05
"European plaice (Pleuronectes platessa), fresh or chilled",1.5,10656.710000000001,15900.529999999999,13951.11,12508.13,10602.15,12723.725999999999,8482483.999999998,0.4149953657254931
"European plaice fillets, frozen",1.5,5120.59,3909.59,3148.61,3254.27,2630.8,3612.772,2408514.6666666665,0.11783369410995032
"European plaice, frozen",1.5,1801.79,1101.2,1260.45,1389.82,1026.17,1315.886,877257.3333333334,0.04291876387648213
"European sardine , fresh or chilled",1.5,1393.6500000000003,1497.09,777.3700000000001,604.75,583.25,971.2220000000001,647481.3333333334,0.03167724840118728
"European sardine, frozen",1.5,1603.87,2038.2600000000002,3424.9700000000003,1656.8100000000002,2008.47,2146.4759999999997,1430983.9999999998,0.07000917755074211
"European sardine, prepared or preserved, not minced, in oil",1.5,1049.3899999999999,1606.77,1302.04,888.66,483.77,1066.1259999999997,710750.6666666665,0.03477262472324987
"European sardine, prepared or preserved, not minced, nei",1.5,3899.5099999999998,4706.49,3568.93,1787.79,1978.74,3188.2920000000004,2125528.0000000005,0.10398891052665428
"Euthynnus excl. skipjack or stripe-bellied bonitos, fresh or chilled",1.5,277.77,226.96,242.42000000000002,212.72000000000003,264.57,244.888,163258.66666666666,0.007987234645086242
"Euthynnus excl. skipjack or stripe-bellied bonitos, frozen",1.5,0.5900000000000001,0.21000000000000002,0.61,8.93,0.01,2.07,1380.0,6.751484644134675e-05
"Euthynnus other than skipjack prep. or pres. not minced, nei",1.5,15.9,8.28,31.08,19.92,30.77,21.19,14126.666666666666,0.0006911302396580373
"Fish body oils, nei",1.5,177787.69,192604.47,172927.84,153079.6,125505.22,164380.96399999998,109587309.33333331,5.361427798232148
"Fish dried, whether or not salted, nei",1.5,684.96,609.25,187.97000000000003,150.6,573.92,441.34,294226.6666666667,0.014394687115180663
"Fish fillets, dried, salted or in brine, nei",1.5,1449.71,2821.33,1661.32,963.8199999999999,1603.18,1699.8719999999998,1133247.9999999998,0.05544280050721978
"Fish fillets, fresh or chilled, nei",1.5,9.06,3.34,2.21,4.68,5.7299999999999995,5.004,3336.0,0.0001632098027016904
"Fish fillets, frozen, nei",1.5,1.5999999999999999,3.5200000000000005,3.4299999999999997,2.1199999999999997,0.83,2.3,1533.3333333333333,7.501649604594082e-05
"Fish fillets, prep. or pres, incl. raw, coated in batter or breadcrum, cooked or not, frozen",1.5,68121.20999999999,66114.81999999999,67840.39,63912.590000000004,63560.07,65909.816,43939877.333333336,2.149705848414212
"Fish heads, tail, maws etc., smoked, dried, salted, or in brine",1.5,149.98,147.73999999999998,362.27,193.05,410.24,252.656,168437.33333333334,0.008240594706514446
"Fish heads, tails, maws, tongues, fresh or chilled",1.5,986.33,3620.48,3391.72,1152.2,955.35,2021.2160000000003,1347477.3333333337,0.06592371394434451
"Fish heads, tails, maws, tongues, nei frozen",1.5,4907.41,5462.1900000000005,5843.59,11891.54,9422.01,7505.348000000001,5003565.333333334,0.24479343850669996
"Fish live, nei",1.5,0.01,0.0,0.0,0.08,0.0,0.018,12.0,5.870856212291021e-07
"Fish liver oils, nei",1.5,1018.27,1982.53,1841.8999999999999,2514.38,1306.31,1732.6779999999999,1155118.6666666667,0.05651279666777768
"Fish livers, frozen",1.5,506.16,853.85,621.35,619.04,398.71999999999997,599.824,399882.6666666667,0.019563780314895834
"Fish meat, whether or not minced nei, fresh or chilled",1.5,108.9,176.89,10.99,7.02,0.0,60.75999999999999,40506.666666666664,0.00198174013032668
"Fish meat, whether or not minced, frozen, nei",1.5,1.2,51.94,849.1199999999999,20409.01,20159.97,8294.248,5529498.666666667,0.2705240966504577
"Fish minced (=surimi), frozen",1.5,8287.39,7218.49,11277.009999999998,10413.02,8995.21,9238.224,6158816.0,0.30131269311631115
"Fish minced nei, not in airtight containers prepared or preserved",1.5,122.62,11.56,0.35000000000000003,98.01,0.6599999999999999,46.64,31093.333333333332,0.0015212040763402956
"Fish minced nei, prepared or preserved",1.5,10756.95,11984.72,9491.27,10858.17,12405.41,11099.304,7399536.0,0.3620134324472588
"Fish nei, dried, unsalted",1.5,0.0,0.06,0.0,0.36,6.72,1.428,952.0,4.6575459284175437e-05
"Fish nei, prepared or preserved, not minced",1.5,2937.08,2081.23,2172.79,1580.82,1367.85,2027.9540000000002,1351969.3333333335,0.06614347966189126
"Fish nei, salted or in brine",1.5,1153.1599999999999,789.3100000000001,621.95,818.87,661.44,808.946,539297.3333333334,0.026384475830599847
"Fish nei, smoked",1.5,545.83,484.2,392.21999999999997,647.87,483.14000000000004,510.65199999999993,340434.6666666666,0.016655358147326858
"Fish roes, frozen, nei",1.5,0.0,0.0,0.35000000000000003,22.01,1.6400000000000001,4.800000000000001,3200.0000000000005,0.00015655616566109392
"Fish roes, prepared, nei",1.5,1871.9300000000003,2673.4399999999996,2374.2799999999997,2098.48,1792.28,2162.082,1441388.0,0.07051818078434775
"Fish waste, nei",1.5,99043.79,149880.06,205445.68,242709.19999999998,228392.27000000002,185094.2,123396133.33333333,6.037007966272426
"Fish, crustacean and mollusc products, unfit for human consumption nei",1.5,26282.780000000002,29344.89,30024.88,26333.72,33970.85,29191.424,19460949.333333332,0.95210362742234
"Fish, frozen, nei",1.5,31.15,62.08,10.86,2.06,9.57,23.144,15429.333333333334,0.0007548616454292412
"Fishmeals, nei",1.5,201886.56,214619.49,219877.12,183558.7,188647.98,201717.96999999997,134478646.66666666,6.579206651695744
"Flaps of herring, fresh or chilled",1.5,3509.73,3510.73,1410.4999999999998,2784.05,2193.77,2681.756,1787837.3333333333,0.08746779929138176
"Flat oysters, shucked or not, live, fresh or chilled",1.5,550.2,822.35,599.34,1235.1399999999999,818.33,805.072,536714.6666666666,0.026258121958564206
"Flatfish nei, fillets, fresh or chilled",1.5,2291.06,1827.6299999999999,1822.17,1209.04,990.31,1628.042,1085361.3333333333,0.05310000271983721
"Flatfish nei, fillets, frozen",1.5,3758.27,2923.07,2702.31,3153.5,2916.0,3090.63,2060420.0,0.10080357964107221
"Flatfish nei, frozen",1.5,322.33000000000004,363.35,338.39,158.05,146.48,265.72,177146.66666666666,0.008666688404055389
"Flatfish, fresh or chilled, nei",1.5,4465.75,5223.69,5285.39,4501.42,3667.69,4628.788,3085858.6666666665,0.15097193769543404
"Flatfish, salted or in brine, nei",1.5,0.0,0.01,0.0,0.0,0.0,0.002,1.3333333333333333,6.523173569212244e-08
"Flounder fillets, frozen",1.5,413.08,348.61,356.56,326.74,199.19,328.836,219224.0,0.01072527151902739
"Flounder, frozen",1.5,134.5,113.63999999999999,315.67,325.14,149.98,207.78599999999997,138523.99999999997,0.006777120716261677
"Flours, meals and pellets of crustaceans, molluscs & aq. invertebrates, fit for human consumption",1.5,0.0,0.0,0.0,348.86,217.25,113.22200000000001,75481.33333333334,0.003692833789266745
"Flours, meals and pellets of fish, fit for human consumption",1.5,286.75,312.26,349.01,1006.13,1144.38,619.706,413137.3333333333,0.02021224899941122
Fresh or chilled pollack (Pollachius pollachius),1.5,2663.59,2880.3199999999997,2125.98,2575.14,3096.3,2668.2659999999996,1778843.9999999998,0.0870278112341384
"Freshwater crayfish, in shell or not, dried, salted/in brine, smoked,  cooked by steaming/boiling in water",1.5,25.0,8.13,2.11,1.59,1.9100000000000001,7.748000000000002,5165.333333333335,0.00025270774407128247
"Freshwater fish fillets, fresh or chilled, nei",1.5,334.73,247.91,264.11,193.72,246.06000000000003,257.306,171537.3333333333,0.00839225849199863
"Freshwater fish fillets, nei, frozen",1.5,5239.07,3498.41,3796.4900000000002,4550.53,4065.34,4229.968,2819978.6666666665,0.1379640772810679
"Freshwater fish meat, whether or not minced, fresh or chilled, nei",1.5,200.22,212.89999999999998,34.98,55.39999999999999,15.64,103.828,69218.66666666667,0.0033864403267208454
"Freshwater fish meat, whether or not minced, frozen, nei",1.5,6358.39,5949.989999999999,8052.06,5502.84,4025.96,5977.848,3985232.0,0.19497270037184142
"Freshwater fish nei, frozen",1.5,581.82,670.96,997.43,877.44,612.84,748.0980000000001,498732.00000000006,0.024399865503902718
"Freshwater fish nei, live",1.5,744.4399999999999,281.36,247.21,840.38,312.48,485.174,323449.3333333333,0.01582437106634491
"Freshwater fish, nei, fresh or chilled",1.5,792.3000000000001,841.81,925.39,837.75,968.15,873.0799999999999,582053.3333333333,0.028476261899039134
Frozen pollack (Pollachius pollachius),1.5,92.17,71.11,146.57999999999998,67.82000000000001,180.72,111.67999999999999,74453.33333333333,0.003642540121048118
"Gadiformes excl. Alaska pollock, meat, whether or not minced, frozen",1.5,86.87,43.629999999999995,12.02,56.64,184.36,76.70400000000001,51136.00000000001,0.002501767527264281
"Gadiformes fillets, fresh or chilled, nei",1.5,2747.07,2554.07,6110.05,6795.56,7714.44,5184.237999999999,3456158.666666666,0.16908842149052875
"Gadiformes fillets, frozen, nei",1.5,1009.83,473.49,430.18999999999994,525.82,425.29999999999995,572.926,381950.6666666667,0.018686478701572477
"Gadiformes nei, dried and salted",1.5,1.2,0.4,0.0,13.91,87.51,20.604000000000003,13736.000000000002,0.0006720173411002457
"Gadiformes nei, frozen",1.5,2119.46,1027.99,941.68,2027.74,1314.14,1486.202,990801.3333333334,0.048473768024551896
"Gadiformes, dried, whether or not salted, but not smoked",1.5,519.0,624.4,396.62,509.56,436.62,497.23999999999995,331493.3333333333,0.016217914127775485
"Gadiformes, fillets, dried, salted or in brine, not smoked",1.5,89.07,204.26,128.37,69.59,36.97,105.652,70434.66666666667,0.003445931669672061
"Gadiformes, fresh or chilled, nei",1.5,1808.89,1690.45,744.56,829.98,775.74,1169.9239999999998,779949.3333333331,0.03815808657393533
"Gadiformes, meat, fresh or chilled, nei",1.5,435.09000000000003,411.64,350.99,656.13,782.7,527.3100000000001,351540.00000000006,0.01719867327390655
"Gadiformes, salted or in brine, nei",1.5,354.66999999999996,329.27,204.95000000000002,297.46,235.25,284.32,189546.66666666666,0.009273343545992128
"Gadiforms, dried, whether or not salted, not smoked (excl. fillets offal and cod)",1.5,206.99,352.74,473.52,767.67,1034.4,567.0640000000001,378042.66666666674,0.018495284484258866
"Gilt-head seabream, fresh or chilled",1.5,4856.37,5353.1900000000005,4302.7,3672.3399999999997,3618.46,4360.612,2907074.6666666665,0.14222514471994874
"Gilt-head seabream, frozen",1.5,248.22,405.91999999999996,463.92,365.09,337.05,364.03999999999996,242693.33333333328,0.011873480530680127
"Greenland cod, frozen",1.5,2.87,3.15,28.89,1.99,1.07,7.593999999999999,5062.666666666666,0.00024768490042298896
"Greenland halibut fillets, dried, salted or in brine",1.5,0.93,0.68,1.71,0.31,0.13,0.752,501.3333333333333,2.452713262023804e-05
"Greenland halibut fillets, frozen",1.5,12.549999999999999,2.22,1.44,1.8,0.0,3.6020000000000003,2401.3333333333335,0.00011748235598151255
"Greenland halibut, fresh or chilled",1.5,1420.71,2224.5299999999997,3405.73,2454.96,2239.88,2349.1620000000003,1566108.0000000002,0.0766199573409889
"Greenland halibut, frozen",1.5,2973.45,3397.2400000000002,3636.8399999999997,3687.7,3471.53,3433.352,2288901.3333333335,0.11198175510101002
"Greenland halibut, smoked",1.5,176.71,176.58,155.37999999999997,161.09,138.75,161.702,107801.33333333333,0.005274051062443792
"Grenadiers fillets, frozen",1.5,1197.48,986.39,771.56,351.55,1086.28,878.652,585768.0,0.028657997514677392
"Grenadiers, frozen",1.5,0.03,0.0,0.77,0.0,0.0,0.16,106.66666666666667,5.218538855369797e-06
"Haddock fillets in blocks, frozen",1.5,814.78,623.4399999999999,523.58,276.70000000000005,400.39,527.778,351852.0,0.017213937500058504
"Haddock fillets, fresh or chilled",1.5,1147.3999999999999,853.47,598.9100000000001,506.03999999999996,604.0600000000001,741.9759999999999,494650.66666666657,0.02420019116094912
"Haddock fillets, frozen",1.5,8199.710000000001,6371.5199999999995,2965.14,3116.48,2287.16,4588.0019999999995,3058667.9999999995,0.1496416669094646
"Haddock meat, frozen",1.5,305.81,186.75,404.25,272.61,225.28,278.94,185960.0,0.009097870176980319
"Haddock, fresh or chilled",1.5,33997.29,33158.47,25003.88,25403.9,20639.2,27640.548000000003,18427032.000000004,0.9015204607607122
"Haddock, frozen",1.5,16032.289999999999,16017.43,14221.589999999998,12081.96,14015.44,14473.741999999998,9649161.333333332,0.47207365630998593
"Haddock, salted or in brine",1.5,43.93,33.93,52.93,26.990000000000002,27.86,37.128,24752.0,0.0012109619413885613
"Hake meat, frozen",1.5,330.26,2197.83,2423.05,59.78,134.51000000000002,1029.086,686057.3333333334,0.03356453297823177
"Hake nei fillets, frozen",1.5,590.69,498.88,426.03999999999996,863.08,510.53,577.844,385229.3333333333,0.0188468835396394
"Hake nei, fresh or chilled",1.5,4549.84,4684.91,5838.5,5952.389999999999,4073.08,5019.744000000001,3346496.0000000005,0.16372330692505882
"Hake of the genus Urophycis, fillets, frozen",1.5,135.97,2.75,71.11,10.08,3.15,44.612,29741.333333333332,0.0014550590963484833
"Hake of the genus Urophycis, fresh or chilled",1.5,22.43,938.12,1038.32,1071.4,748.49,763.7520000000001,509168.00000000006,0.02491043429916496
"Hake of the genus Urophycis, frozen",1.5,9.309999999999999,0.0,0.0,0.02,8.6,3.586,2390.6666666666665,0.00011696050209597556
"Hake, not minced, prepared or preserved",1.5,138.27,147.74,134.69,128.88,48.74,119.66399999999999,79775.99999999999,0.00390294520993107
"Hakes nei, frozen",1.5,307.29,119.49,137.14000000000001,442.67999999999995,194.67,240.254,160169.33333333334,0.007836092713487595
"Halibuts, liver oils",1.5,7.75,10.31,13.65,34.19,21.18,17.416000000000004,11610.66666666667,0.0005680379544070025
"Herring fillets, dried, salted or in brine",1.5,4424.2,5829.82,4224.3099999999995,4667.38,4148.7699999999995,4658.896,3105930.6666666665,0.15195393624454326
"Herring fillets, incl. coated in batter, cooked or not",1.5,1740.59,1180.63,100.0,46.3,42.37,621.9780000000001,414652.00000000006,0.020286352251157474
"Herring meat, frozen",1.5,35493.15,45045.33,35751.19,10032.71,10120.75,27288.626,18192417.333333332,0.8900422193165904
"Herring nei, fillets, frozen",1.5,20664.89,26661.27,21751.02,23305.95,25897.22,23656.07,15770713.333333334,0.7715632528771738
Herring oil,1.5,19909.77,16339.3,16857.57,8547.08,7968.84,13924.511999999999,9283007.999999998,0.4541600432128936
"Herring, salted or in brine",1.5,4007.55,4393.37,3783.3500000000004,4262.32,4558.299999999999,4200.978,2800652.0,0.1370185432722106
"Herring,anchovy,sardine,sardinella,brisling/sprat,mackerel,Indian mackerel,seerfish,jack&horse mackerel,jack,crevalle,cobia,silver pomfret,Pacif.saury,scad,capelin,etc,dried,salted or not,not smoked",1.5,9.93,1.8900000000000001,591.9399999999999,1538.26,679.0,564.204,376136.0,0.01840200310221913
"Herrings nei, frozen",1.5,88721.67,96618.39,50994.850000000006,70798.78,46494.71,70725.68000000001,47150453.33333334,2.306779432202816
"Herrings nei, smoked",1.5,388.40999999999997,329.87,341.5,384.82,261.61,341.242,227494.66666666666,0.011129903975525626
"Herrings, dried, whether or not salted",1.5,9.72,19.28,0.77,3.17,0.0,6.587999999999999,4391.999999999999,0.00021487333736985132
"Herrings, fresh or chilled, nei",1.5,118812.67,95390.79999999999,91086.08,66596.35,66378.09,87652.798,58435198.666666664,2.8588720759054995
"Herrings, not minced, prep. or pres. in airtight containers, nei",1.5,4767.429999999999,4825.44,3307.39,4171.35,7244.530000000001,4863.228,3242152.0,0.15861840175326467
"Herrings, not minced, prep. or pres., not in airtight containers",1.5,22372.91,23163.79,22947.25,16901.11,19375.079999999998,20952.028,13968018.666666666,0.6833685763549745
"Indian mackerels, seerfishes, jacks, crevalles, silver pomfrets, Pacif. saury, scads, capelin, Kawakawa, bonitos, marlins, sailfishes, spearfish, fresh or chilled",1.5,154.77,224.7,185.28,4870.51,118.59,1110.77,740513.3333333334,0.036228727527369435
"Jack and horse mackerel, frozen",1.5,21875.77,12722.029999999999,21077.57,10719.54,11076.94,15494.37,10329580.0,0.5053623242779757
"Jack and horse mackerels, fresh or chilled",1.5,3859.57,1572.25,1263.56,1415.08,323.15,1686.7219999999998,1124481.3333333333,0.05501390184504409
Jellyfish preparations,1.5,0.04,0.45999999999999996,0.56,0.9099999999999999,0.44,0.48200000000000004,321.33333333333337,1.5720848301801513e-05
"Jellyfish, frozen",1.5,0.02,0.0,0.0,3.89,0.05,0.792,528.0,2.5831767334080493e-05
"Jellyfish, other than prepared or preserved",1.5,5.579999999999999,4.83,2.9899999999999998,4.359999999999999,0.03,3.558,2372.0,0.00011604725779628585
"Kawakawa ""Euthynnus affinis"" (excl. for ind. processing or preservation), fresh or chilled",1.5,8.77,5.42,3.72,0.86,0.02,3.758,2505.3333333333335,0.0001225704313654981
"Kawakawa ""Euthynnus affinis"" (excl. for ind. processing or preservation), frozen",1.5,7.11,21.25,22.0,35.879999999999995,45.0,26.248,17498.666666666668,0.0008561012992234152
"Kawakawa ""Euthynnus affinis"" for ind. processing or preservation, fresh or chilled",1.5,0.0,0.48,0.0,0.0,0.0,0.096,64.0,3.131123313221878e-06
"Kawakawa ""Euthynnus affinis"" for ind. processing or preservation, frozen",1.5,0.0,0.0,0.0,0.19,0.0,0.038,25.333333333333332,1.2394029781503265e-06
"King crab, nei, frozen",1.5,375.5,239.97,338.76,466.69,222.72000000000003,328.728,219152.0,0.010721749005300017
"Lesser cuttlefish (Sepiola rondeleti), frozen",1.5,0.0,0.0,0.0,0.41,5.99,1.28,853.3333333333334,4.1748310842958375e-05
"Ling fillets, frozen",1.5,344.05,146.35,167.67,116.18,94.16,173.682,115788.0,0.005664789159239607
"Ling, dried, whether or not salted, but not smoked",1.5,575.72,716.6099999999999,706.3,754.8199999999999,582.13,667.116,444744.0,0.021758567293992982
"Ling, fresh or chilled",1.5,3266.11,3951.49,8763.3,8150.85,8097.83,6445.916,4297277.333333333,0.2102391444028116
"Ling, frozen",1.5,28.14,158.51,51.84,0.8300000000000001,3.0700000000000003,48.477999999999994,32318.66666666666,0.001581152041441356
"Livers, roes, milt, dried, salted or in brine, nei",1.5,1168.31,1803.73,1984.8600000000001,2087.91,2489.3199999999997,1906.8259999999998,1271217.3333333333,0.06219278482143355
"Livers, roes, milt, fresh or chilled, nei",1.5,636.44,188.99,311.46,352.40999999999997,290.85,356.03000000000003,237353.33333333337,0.011612227429233181
"Livers, roes, milt, frozen",1.5,3721.21,1916.27,2143.23,2593.4100000000003,1992.07,2473.238,1648825.3333333333,0.08066680375985677
"Lobster tails or meat, prep. or pres.",1.5,178.38,175.79,167.78,80.55,80.19,136.53799999999995,91025.3333333333,0.0044533053639655065
"Lobsters (Homarus spp.), dried, salted or in brine, smoked",1.5,0.04,0.0,0.01,0.0,0.21,0.052000000000000005,34.66666666666667,1.696025127995184e-06
"Lobsters, live",1.5,1991.87,1862.51,2786.5099999999998,2701.37,3031.51,2474.754,1649836.0,0.0807162494155114
"Loins of Euthynnus other than skipjack, prep. or pres.",1.5,0.0,0.07,0.0,0.01,0.0,0.016,10.666666666666666,5.218538855369795e-07
"Lumpfish roes, salted",1.5,229.79,171.52,84.7,37.51,8.43,106.38999999999999,70926.66666666666,0.0034700021801424537
"Mackerel fillets, frozen",1.5,7958.08,7403.53,4941.81,5253.58,1798.72,5471.144,3647429.3333333335,0.17844610967077085
"Mackerel prepared or preserved, not minced, nei",1.5,1151.8,738.72,582.36,243.9,380.33,619.422,412948.0,0.020202986092942937
"Mackerels nei, frozen",1.5,69993.1,65201.759999999995,47073.14,57393.46,61067.69,60145.83,40097220.0,1.961708442771665
"Mackerels, fillets, prepared or preserved",1.5,15251.220000000001,12548.5,11113.01,9766.359999999999,11283.4,11992.498000000001,7994998.666666668,0.39114572991215363
"Mackerels, nei, fresh or chilled",1.5,27340.82,21191.87,32083.45,10415.67,11175.91,20441.544,13627696.0,0.6667186976734458
"Mackerels, smoked",1.5,841.36,857.43,878.7500000000001,925.9100000000001,1007.72,902.234,601489.3333333334,0.029427144910223208
"Marine fish fillets, frozen, nei",1.5,4963.25,4812.81,4416.93,4921.4,5094.41,4841.76,3227840.0,0.1579182043023454
"Marine fish meat,whether or not minced nei, fresh or chilled",1.5,904.7299999999999,873.2199999999999,504.51,538.57,461.0,656.4060000000001,437604.00000000006,0.021409251349361672
"Marine fish nei, minced, prepared or preserved",1.5,2043.06,3592.34,3737.39,1798.17,1963.88,2626.968,1751312.0,0.08568084112383177
"Marine fish nei, prepared or preserved, not minced",1.5,138.97,195.4,24.92,16.76,23.73,79.956,53304.0,0.0026078343294996718
"Marine fish, fresh or chilled, nei",1.5,34683.4,65034.119999999995,31148.36,16556.7,34523.22,36389.159999999996,24259439.999999996,1.1868640335891771
"Marine fish, frozen, nei",1.5,5639.55,13592.15,13922.96,5929.799999999999,5884.53,8993.798,5995865.333333333,0.2933405270021697
"Marine mammal oils, nei",1.5,6.090000000000001,23.26,56.22,143.27,3.88,46.544,31029.333333333332,0.0015180729530270738
"Meat of tilapias, catfish, carp, eels, nile perch and snakeheads, fresh or chilled",1.5,24.53,9.19,7.970000000000001,15.06,0.92,11.534,7689.333333333333,0.0003761914197364702
"Megrim fillets, frozen",1.5,47.260000000000005,97.09,55.980000000000004,27.83,36.06,52.84400000000001,35229.333333333336,0.0017235529204572596
"Megrim, fresh or chilled",1.5,131.32999999999998,267.81,2347.9799999999996,1748.12,1581.0900000000001,1215.266,810177.3333333334,0.03963695525381145
"Megrim, meat, whether or not minced, frozen",1.5,47.010000000000005,22.74,16.04,0.0,0.0,17.157999999999998,11438.666666666664,0.0005596230605027185
"Miscellaneous aq. invert., dried, salted or in brine, smoked nei",1.5,85.94,109.27,135.88,60.77,63.58,91.088,60725.333333333336,0.0029709141703620255
Miscellaneous corals and shells,1.5,27102.28,29734.739999999998,26967.38,26682.52,27019.83,27501.35,18334233.333333332,0.8969803971882759
"Miscellaneous demersal fish, fillets, fresh or chilled, nei,",1.5,0.22,0.04,0.15,0.58,0.69,0.33599999999999997,223.99999999999997,1.095893159627657e-05
"Miscellaneous demersal fish, nei, frozen",1.5,54.56,567.58,417.07000000000005,5.0,403.78,289.598,193065.33333333334,0.009445490096483641
"Miscellaneous marine fish fillets, fresh or chilled, nei",1.5,6728.26,5545.91,3847.6499999999996,4532.96,4316.88,4994.332,3329554.6666666665,0.16289447249135466
"Miscellaneous marine fish meat, minced or not, frozen, nei",1.5,1732.57,1811.6599999999999,1120.26,2157.64,1952.16,1754.8579999999997,1169905.3333333333,0.057236216616603316
"Miscellaneous marine fish, salted or in brine, nei",1.5,431.69000000000005,367.0,87.08,124.34,41.07,210.23600000000002,140157.33333333334,0.006857029592484529
"Miscellaneous molluscs & aq. inver., other than live, fresh or chilled, nei",1.5,2.06,1.08,0.41,0.05,0.22,0.764,509.3333333333333,2.4918523034390776e-05
"Miscellaneous molluscs, other than live, fresh or chilled, nei",1.5,16.5,0.0,0.0,0.0,0.0,3.3,2200.0,0.00010763236389200205
"Miscellaneous pelagic fish nei, minced, prepared or preserved",1.5,1636.4,1504.68,1477.63,1293.28,1485.85,1479.568,986378.6666666666,0.04825739435726112
"Miscellaneous pelagic fish, fillets, fresh or chilled, nei",1.5,646.23,524.12,484.23,210.6,0.0,373.03599999999994,248690.66666666663,0.012166892877823295
"Molluscs and other aqu. invertebrates, live, fresh or chilled, nei",1.5,107.72999999999999,60.74000000000001,615.1600000000001,1345.46,1879.3799999999999,801.6940000000001,534462.6666666667,0.026147945556980214
"Molluscs nei, dried, salted, pickled, smoked etc.",1.5,52.61,42.41,60.63,113.59,73.7,68.588,45725.333333333336,0.0022370571438256478
"Molluscs nei, frozen",1.5,484.56,304.68,854.6,794.8,928.59,673.4460000000001,448964.00000000006,0.021965025737458555
"Molluscs nei, live, fresh or chilled",1.5,194.13,182.76,365.56,371.96000000000004,821.4,387.162,258108.0,0.012627624627016758
"Molluscs nei, prepared or preserved",1.5,846.1,459.83,388.28,331.95,447.19,494.66999999999996,329779.99999999994,0.016134091347411103
"Mussel meat, prep. or pres., in airtight containers",1.5,6881.7,3468.45,4133.03,2420.1299999999997,1737.89,3728.2400000000002,2485493.3333333335,0.12159978313839932
"Mussel meat, prep. or pres., not in airtight containers",1.5,1436.4299999999998,1355.27,1155.15,867.87,791.51,1121.246,747497.3333333334,0.036570411358924776
"Mussel meat, prepared or preserved, nei",1.5,0.01,0.0,0.0,0.0,0.0,0.002,1.3333333333333333,6.523173569212244e-08
"Mussels ""Mytilus spp."", frozen, with or without shell",1.5,146.3,201.36,159.01,5927.099999999999,1891.54,1665.062,1110041.3333333333,0.0543074421474984
"Mussels ""Mytilus spp."", smoked, dried, salted or in brine, with or without shell",1.5,198.28,93.32000000000001,82.46,51.4,105.17,106.126,70750.66666666667,0.003461391591031094
"Mussels ""Perna spp."", frozen, with or without shell",1.5,367.71000000000004,268.76,194.78,394.06,285.78,302.21799999999996,201478.66666666663,0.00985710234870093
"Mussels ""Perna spp."", smoked, dried, salted or in brine, with or without shell",1.5,8.06,18.52,9.209999999999999,6.4799999999999995,11.39,10.732,7154.666666666667,0.0003500334937239292
"Mussels nei, frozen",1.5,0.0,0.71,0.54,0.0,0.0,0.25,166.66666666666666,8.153966961515305e-06
"Mussels of the genus Mytilus spp., live, fresh or chilled",1.5,71911.88,48229.64,44943.33,45543.420000000006,63493.61,54824.376000000004,36549584.00000001,1.7881446023587715
"Mussels of the genus Perna spp. live, fresh or chilled",1.5,96.97,76.64,133.14,73.66,46.17,85.316,56877.333333333336,0.00278265538115456
"Mussels, live, fresh or chilled, nei",1.5,29.08,6.76,16.52,5.98,13.49,14.366,9577.333333333334,0.00046855955747651564
Natural sponges nei,1.5,0.0,0.0,18.7,0.0,42.11,12.162,8108.0,0.00039667418474379667
Natural sponges other than raw,1.5,7.2,6.5600000000000005,5.49,5.17,4.66,5.816000000000001,3877.333333333334,0.00018969388739269213
Natural sponges raw,1.5,502.55999999999995,300.36,447.2,530.6099999999999,445.77,445.3,296866.6666666667,0.014523845951851065
"Nile perch (Lates niloticus) and snakeheads (Channa spp.), frozen",1.5,246.14,276.10999999999996,31.18,25.57,17.77,119.354,79569.33333333333,0.003892834290898792
"Nile perch and snakeheads (Channa spp.),  fresh or chilled",1.5,449.89000000000004,508.47999999999996,520.44,576.51,576.86,526.4359999999999,350957.33333333326,0.017170167005409086
"Nile perch fillets, fresh or chilled",1.5,4120.58,2262.58,1448.42,1493.45,1600.8200000000002,2185.17,1456780.0,0.07127121594117762
"Nile perch fillets, frozen",1.5,609.9499999999999,493.37,462.51,667.58,276.57,501.996,334664.0,0.016373035195251354
"Norway lobsters (Nephrops norvegicus), dried, salted or in brine, smoked",1.5,25.369999999999997,23.169999999999998,42.11,143.81,87.06,64.304,42869.333333333336,0.0020973307659731214
"Norway lobsters (Nephrops spp.), nei, even smoked, frozen",1.5,3028.2400000000002,2567.58,6803.58,5490.41,4965.54,4571.07,3047380.0,0.1490894150350951
"Norway lobsters (Nephrops spp.), nei, live, fresh or chilled",1.5,5774.13,5046.14,7051.86,5934.51,5918.37,5945.0019999999995,3963334.666666666,0.19390139957656968
"Octopus, dried, salted or in brine, smoked",1.5,32.13,17.15,30.44,16.95,11.99,21.732,14488.0,0.0007088080400306026
"Octopus, frozen",1.5,1093.0,778.2,696.72,884.72,714.1,833.3480000000002,555565.3333333335,0.027180368237779442
"Octopus, live, fresh or chilled",1.5,34.09,16.94,68.08,71.76,56.8,49.534000000000006,33022.66666666667,0.001615594397886797
"Octopus, other than live, fresh or chilled",1.5,0.0,1.09,0.15,0.0,0.0,0.248,165.33333333333334,8.088735225823187e-06
"Octopus, prepared or preserved",1.5,121.06,46.300000000000004,66.61,77.11,65.47,75.31000000000002,50206.66666666668,0.002456301007486872
"Oils and fats of aquatic animals, nei",1.5,31.22,1311.05,11.41,0.99,17.28,274.39,182926.66666666666,0.00894946797828074
Ornamental freshwater fish,1.5,81.62,136.54,100.44,325.15999999999997,209.07000000000002,170.566,113710.66666666667,0.00556315811503128
Ornamental saltwater fish,1.5,459.59000000000003,747.72,1133.9,905.86,656.46,780.706,520470.6666666667,0.02546340372262708
"Other  edible fish offal, smoked, dried, salted or in brine",1.5,65.72,113.44999999999999,188.52,354.16,392.25,222.82,148546.66666666666,0.007267467673459363
"Other aquatic invertebrates, frozen",1.5,6.62,4.51,48.08,3.44,14.66,15.461999999999998,10307.999999999998,0.0005043065486357986
"Other aquatic invertebrates, live, fresh or chilled",1.5,53.57,18.87,21.740000000000002,25.330000000000002,26.93,29.288,19525.333333333332,0.0009552535374754412
"Other aquatic invertebrates, prepared or preserved, nei",1.5,44.35,118.83,139.47,32.97,76.39,82.402,54934.666666666664,0.002687612742251137
"Other dogfish and other sharks (excl. Squalus acanthias, Scyliorhinus spp., Lamna nasus, Prionace glauca), fresh or chilled",1.5,91.26,61.07,57.989999999999995,104.19,109.74,84.85,56566.666666666664,0.0027674563867382948
"Oyster meat, prepared or preserved, nei",1.5,17.04,15.53,7.56,11.73,8.16,12.004,8002.666666666667,0.000391520877624119
"Oysters, dried, salted or in brine, smoked",1.5,4.119999999999999,0.72,33.510000000000005,46.68,101.05,37.215999999999994,24810.66666666666,0.0012138321377590145
"Oysters, frozen",1.5,44.1,30.999999999999996,26.59,33.19,29.87,32.95,21966.666666666668,0.0010746928455277176
"Oysters, live fresh or chilled, nei",1.5,3289.9,2947.88,5218.3,4843.9400000000005,4277.74,4115.552000000001,2743701.3333333335,0.134232300145593
"Oysters, other than live, fresh or chilled, nei",1.5,0.1,0.44,0.17,0.06,2.2,0.5940000000000001,396.00000000000006,1.9373825500560374e-05
"Pacific cod fillets, frozen",1.5,6011.01,4919.68,2832.1600000000003,1816.83,2532.7999999999997,3622.496,2414997.3333333335,0.11815085080888542
"Pacific cod, frozen",1.5,149.67000000000002,160.84,103.35,147.18,1182.6100000000001,348.73,232486.66666666666,0.011374131593956931
"Pacific cod, meat, frozen",1.5,72.09,27.79,119.04,13.98,14.72,49.524,33016.0,0.0016152682392083363
"Pacific halibut, fresh or chilled",1.5,4.6899999999999995,27.53,23.27,20.55,20.400000000000002,19.288,12858.666666666666,0.000629094859014829
"Pacific halibut, frozen",1.5,4.81,4.39,0.42,4.08,1.46,3.032,2021.3333333333333,9.889131130925764e-05
"Pacific salmons, fresh or chilled",1.5,165.41,172.57,274.69,87.08,145.84,169.11800000000002,112745.33333333336,0.005515930338390184
"Pacific salmons, frozen, nei",1.5,405.90000000000003,294.25,648.7900000000001,2813.87,1492.95,1131.1519999999998,754101.3333333331,0.03689350414580784
"Parts of lobsters Homarus spp, in shell or not, dried, salted/in brine, smoked,  cooked by steaming/boiling in water",1.5,10.92,5.64,0.71,0.32,0.22,3.562,2374.6666666666665,0.0001161777212676701
"Picked dogfish ""Squalus acanthias"" and catsharks ""Scyliorhinus spp."", fillets, fresh or chilled",1.5,4.52,8.59,1.34,0.01,0.01,2.8939999999999997,1929.333333333333,9.439032154650119e-05
"Picked dogfish ""Squalus acanthias"" and catsharks ""Scyliorhinus spp."", fresh or chilled",1.5,468.58000000000004,629.28,391.51,323.83,642.4399999999999,491.128,327418.6666666667,0.01601856594350036
"Picked dogfish ""Squalus acanthias""and catsharks ""Scyliohinus spp.""(excl. fillets), meat, whether or not minced, fresh or chilled",1.5,0.73,0.51,4.94,0.51,0.08,1.354,902.6666666666666,4.41618850635669e-05
"Picked dogfish ""Squalus acanthias""and catsharks ""Scyliorhinus spp."", frozen",1.5,21.16,11.04,23.490000000000002,153.98000000000002,372.07,116.348,77565.33333333333,0.0037947909921535318
"Picked dogfish ""Squalus acanthias""and catsharks ""Scyliorhinus spp."", meat, whether or not minced, frozen",1.5,8.49,15.17,8.8,5.26,5.35,8.614,5742.666666666667,0.00028095308562597145
"Pilchards(Sardinops spp.) and Sardinellas, fresh or chilled",1.5,15.79,24.06,45.11,25.72,25.889999999999997,27.314,18209.333333333332,0.0008908698143473163
"Pilchards(Sardinops spp.) and Sardinellas, frozen",1.5,13.88,41.19,54.46,44.410000000000004,132.56,57.3,38200.0,0.0018688892275793084
"Plain bonito prep. or pres., not minced",1.5,0.04,0.02,0.11,0.21,0.29,0.13399999999999998,89.33333333333331,4.370526291372204e-06
"Plain bonito, frozen",1.5,0.0,0.0,0.72,1.15,0.0,0.374,249.33333333333334,1.21983345744269e-05
"Polar cod ""Boreogadus saida"", dried, whether or not salted but not smoked (excl. fillets and offal)",1.5,0.9500000000000001,4.49,0.95,6.279999999999999,12.57,5.048,3365.3333333333335,0.0001646449008869171
"Polar cod (Boreogadus saida), fresh or chilled",1.5,0.63,0.19,0.81,20.05,0.5399999999999999,4.444,2962.6666666666665,0.00014494491670789608
"Polar cod, frozen",1.5,0.0,0.03,0.04,0.01,0.63,0.142,94.66666666666667,4.631453234140695e-06
"Pomfrets, ocean breams, fresh or chilled",1.5,41.59,7.43,102.2,183.51,185.99,104.144,69429.33333333333,0.0033967469409602003
"Pomfrets, ocean breams, frozen",1.5,69.53,55.53,0.27,469.06,5.92,120.06199999999998,80041.33333333333,0.003915926325333803
"Porbeagle shark (Lamna nasus), fresh or chilled",1.5,0.93,1.11,0.45,0.28,1.0,0.7540000000000001,502.66666666666674,2.459236435593017e-05
"Porbeagle shark (Lamna nasus), frozen",1.5,0.01,0.01,0.0,0.49,0.0,0.10200000000000001,68.00000000000001,3.326818520298246e-06
Preparations of surimi,1.5,2672.31,2229.71,2251.52,2124.14,2065.08,2268.552,1512368.0,0.0739907922339179
"Rays and skates ""Rajidae"", fillets, frozen",1.5,37.91,18.209999999999997,6.87,20.57,11.11,18.933999999999997,12622.666666666664,0.0006175488417973232
"Rays and skates (Rajidae) fillets, fresh or chilled",1.5,3.18,1.14,22.330000000000002,10.05,6.79,8.698,5798.666666666667,0.0002836928185250406
"Rays and skates (Rajidae) meat, frozen",1.5,0.28,9.2,9.57,6.279999999999999,13.95,7.856,5237.333333333333,0.000256230257798657
"Rays and skates (Rajidae), fresh or chilled",1.5,922.59,967.71,811.53,962.34,1015.88,936.01,624006.6666666666,0.03052877846259177
"Rays and skates (Rajidae), frozen",1.5,316.56999999999994,97.25,68.9,231.81,226.0,188.106,125404.0,0.006135240437051194
"Rays and skates (Rajidae), meat, whether or not minced, fresh or chilled",1.5,0.02,2.34,0.0,0.01,0.05,0.4839999999999999,322.6666666666666,1.578608003749363e-05
"Redfish fillets, fresh or chilled",1.5,767.9200000000001,971.06,977.33,1250.6,932.73,979.9279999999999,653285.3333333333,0.031961202146655085
"Redfish meat, frozen, whether or not minced, nei",1.5,27.53,18.09,0.15999999999999998,35.02,9.8,18.12,12080.0,0.0005909995253706294
"Redfish nei, fillets, frozen",1.5,652.24,527.97,578.2,487.53,679.97,585.182,390121.3333333333,0.0190862187778938
"Redfish, frozen, nei",1.5,378.88,958.0500000000001,612.64,696.04,1326.08,794.338,529558.6666666666,0.025908023233104583
"Redfishes, fresh or chilled, nei",1.5,2096.23,1562.09,2161.39,2558.5299999999997,1840.19,2043.6859999999997,1362457.3333333333,0.06665659249484548
"River eels, prepared or preserved, not minced, nei",1.5,141.43,152.94,146.87,160.42999999999998,132.92,146.91799999999998,97945.33333333331,0.004791858072207623
"Rock lobster & other sea crawfish (Palinurus, Panulirus, Jasus), meat or tails, frozen",1.5,218.33,144.88,137.3,93.88,129.76999999999998,144.83200000000002,96554.66666666669,0.00472382137188074
"Rock lobster & other sea crawfish (Palinurus,Panulirus,Jasus), dried, salted or in brine, smoked",1.5,1.5,0.83,4.8500000000000005,0.01,2.16,1.8700000000000003,1246.6666666666667,6.09916728721345e-05
"Rock lobster & other sea crawfish (Palinurus,Panulirus,Jasus), live, fresh or chilled, nei",1.5,90.24000000000001,79.77000000000001,28.41,45.78,86.03,66.046,44030.666666666664,0.0021541476077609595
"Rock lobster and other sea crawfish (Palinurus, Panulirus, Jasus), even smoked, frozen, nei",1.5,179.55,119.09,290.38,85.67,564.8199999999999,247.90199999999996,165267.99999999997,0.008085538870774268
"Saithe (= Pollock), salted or in brine",1.5,325.21000000000004,345.98,342.45000000000005,535.13,605.9300000000001,430.93999999999994,287293.3333333333,0.014055482089581626
"Saithe (=Pollock) fillets in blocks, frozen",1.5,367.92,359.81000000000006,531.91,618.73,857.65,547.204,364802.6666666667,0.01784753334883609
"Saithe (=Pollock) fillets, fresh or chilled",1.5,9821.36,7206.66,8405.3,9068.210000000001,8960.98,8692.501999999999,5795001.333333332,0.2835134964836229
"Saithe (=Pollock) fillets, frozen",1.5,12294.529999999999,10901.33,13699.37,11963.390000000001,10326.59,11837.042000000001,7891361.333333335,0.38607539756027637
"Saithe (=Pollock), fresh or chilled",1.5,51411.03,48775.24,50601.13,45859.81,51600.340000000004,49649.509999999995,33099673.33333333,1.6193618567816952
"Saithe (=Pollock), frozen",1.5,5189.95,5297.41,3397.85,4889.85,3962.06,4547.424000000001,3031616.0000000005,0.14831818022400717
"Saithe (=Pollock), meat, frozen",1.5,1316.65,1548.98,1013.48,2082.25,1024.88,1397.248,931498.6666666666,0.04557245611617335
"Saithe (=Pollock), not minced, prepared or preserved",1.5,718.0600000000001,544.5,611.04,526.76,540.5,588.1719999999999,392114.66666666657,0.01918374022275352
"Saithe, dried, whether or not salted, but not smoked",1.5,717.2,582.38,516.89,621.55,584.15,604.434,402956.0,0.019714139465666174
"Salmon fillets, dried, salted or in brine",1.5,34.5,20.81,32.19,88.91,13.91,38.064,25376.0,0.0012414903936924747
"Salmon fillets, fresh or chilled",1.5,47045.24,53102.090000000004,68920.06,73277.39,70957.95,62660.54600000001,41773697.333333336,2.0437280874980406
"Salmon fillets, frozen",1.5,34393.36,53380.38,48128.270000000004,49611.44,47666.69,46636.028000000006,31090685.33333334,1.5210745261132115
"Salmon minced, prepared or preserved",1.5,1299.48,1129.62,1262.22,931.76,799.46,1084.508,723005.3333333334,0.03537216960599618
"Salmon nei, not minced, prep.or pres, in airtight containers",1.5,3.31,15.04,41.69,7.800000000000001,1.55,13.877999999999997,9251.999999999998,0.0004526430139676376
"Salmon nei, not minced, prepared or preserved",1.5,4347.27,4653.110000000001,6048.91,6208.47,5859.599999999999,5423.472,3615648.0,0.1768912460188134
"Salmonoids meat, fresh or chilled, nei",1.5,546.9399999999999,271.36,106.14,266.3,365.41,311.23,207486.66666666666,0.010151036549729636
"Salmonoids nei, minced, prepared or preserved",1.5,5.24,3.84,4.31,5.67,3.62,4.5360000000000005,3024.0000000000005,0.00014794557654973376
"Salmonoids, fresh or chilled, nei",1.5,7899.79,5680.400000000001,541.9,159.35,194.28,2895.1440000000002,1930096.0,0.09442763409931709
"Salmonoids, frozen",1.5,141.21,32.13,28.72,121.96000000000001,104.11,85.626,57084.0,0.002792766300186839
"Salmonoids, not minced, prepared or preserved",1.5,68.44,105.09,114.89,43.47,34.839999999999996,73.34599999999999,48897.33333333332,0.0023922434430372064
"Salmons, live",1.5,13.81,3.1,634.42,72.49000000000001,7.33,146.23,97486.66666666667,0.004769418355129534
"Salmons, meat. frozen",1.5,102.77000000000001,115.28999999999999,244.12,0.0,0.0,92.436,61624.0,0.0030148803602185158
"Salmons, salted or in brine",1.5,1.3800000000000001,1.41,2.8699999999999997,2.56,3.35,2.314,1542.6666666666667,7.547311819578569e-05
"Salmons, smoked",1.5,9803.34,7525.54,7518.8,9221.33,7761.07,8366.016,5577344.0,0.2728648722540338
"Saltwater fish nei, live",1.5,103.04,87.66,88.49,109.35,82.61,94.22999999999999,62819.99999999999,0.0030733932271343493
"Sardines, sardinellas, brisling or sprats, fresh or chilled",1.5,1597.66,481.1,525.62,382.29,818.45,761.024,507349.3333333333,0.0248214582116809
"Sardines, sardinellas, brisling or sprats, frozen",1.5,1.2,135.5,26.900000000000002,124.2,114.52000000000001,80.46400000000001,53642.66666666668,0.002624403190365471
"Sardines, sardinellas, brisling or sprats, prep. or pres., not minced, nei",1.5,746.32,1067.07,970.92,949.72,640.64,874.934,583289.3333333334,0.028536731718025735
"Scallop meat, prepared or preserved",1.5,352.76,273.35,255.51999999999998,246.76999999999998,170.0,259.68,173120.0,0.00846968856226518
"Scallops and other molluscs of the family Pectinidae (excl Pecten, Chlamys, Placopecten) with or without shell, frozen",1.5,0.0,0.0,0.0,597.07,632.54,245.92200000000003,163948.00000000003,0.008020959452439072
"Scallops and other molluscs of the family Pectinidae (excl. of the genera Pecten, Chlamys or Placopecten), even in shell, live, fr/ch",1.5,0.0,0.0,0.0,79.89,45.75,25.128,16752.0,0.0008195715272358266
"Scallops and other molluscs of the family Pectinidae, even in shell, live, fresh or chilled",1.5,5599.99,3278.5299999999997,4306.02,3296.3700000000003,3764.3700000000003,4049.0559999999996,2699370.6666666665,0.1320634753973013
"Scallops and other molluscs of the family Pectinidae, frozen",1.5,2061.64,1522.1000000000001,2571.13,2556.7,2115.74,2165.462,1443641.3333333333,0.07062842241766742
"Scallops and other molluscs of the family Pectinidae, with or without shell, smoked, dried, salted/in brine",1.5,419.64,496.57,94.08,0.0,0.0,202.05800000000002,134705.33333333334,0.00659029702523944
"Scallops, including queen scallops, of the genera Pecten, Chlamys or Placopecten, live, fr/ch",1.5,0.0,0.0,0.0,755.1899999999999,1251.93,401.424,267616.0,0.013092792134237283
"Scallops, other than live, fresh or chilled",1.5,0.0,0.05,0.0,27.37,23.759999999999998,10.236,6824.0,0.00033385602327228275
"Sea-cucumber, dried, salted or in brine, smoked",1.5,5.41,1.4200000000000002,6.359999999999999,0.8200000000000001,2.04,3.21,2140.0,0.00010469693578585655
"Sea-cucumber, frozen",1.5,0.0,0.52,0.0,0.37,0.0,0.178,118.66666666666667,5.805624476598899e-06
"Sea-cucumber, live, fresh or chilled",1.5,0.0,0.02,0.01,0.0,0.01,0.008,5.333333333333333,2.6092694276848977e-07
"Sea-cucumber, other than live, fresh or chilled",1.5,0.0,0.0,0.0,0.04,0.0,0.008,5.333333333333333,2.6092694276848977e-07
"Sea-cucumber, prepared or preserved",1.5,0.01,0.02,4.13,22.07,0.33,5.311999999999999,3541.3333333333326,0.0001732554899982772
"Sea-urchin, dried, salted or in brine; fermented, smoked",1.5,0.64,0.7799999999999999,1.0999999999999999,1.96,0.91,1.0779999999999998,718.6666666666665,3.5159905538054e-05
"Sea-urchin, frozen",1.5,7.670000000000001,4.14,3.1799999999999997,2.9599999999999995,1.91,3.972,2648.0,0.0001295502270845552
"Sea-urchin, live, fresh or chilled",1.5,16.4,10.82,12.350000000000001,24.48,20.41,16.892,11261.333333333334,0.0005509472396556664
"Sea-urchin, prepared or preserved",1.5,0.5700000000000001,1.4400000000000002,0.12,0.48,0.51,0.624,416.0,2.0352301535942206e-05
"Seabass, fresh or chilled",1.5,5688.02,4996.4800000000005,2566.8700000000003,3188.4700000000003,3753.4700000000003,4038.6620000000003,2692441.3333333335,0.13172446606690935
"Seabass, frozen",1.5,641.81,596.5600000000001,172.45,489.72,263.32,432.77200000000005,288514.6666666667,0.014115234359475612
"Seabreams nei, fresh or chilled",1.5,578.66,575.07,448.89,253.8,251.66,421.616,281077.3333333333,0.013751371737784951
"Seabreams, frozen",1.5,110.44,79.73,140.38,52.900000000000006,79.43,92.57600000000001,61717.33333333334,0.003019446581716965
"Seaweeds and other algae, fit for human consumption, nei",1.5,1315.1299999999999,1691.36,1285.65,1301.9,1165.1499999999999,1351.8379999999997,901225.3333333331,0.04409136955728371
"Seaweeds and other algae, unfit for human consumption, nei",1.5,3047.78,3745.92,5311.78,5642.34,4165.14,4382.592,2921728.0,0.14294204149520517
"Shark fillets nei, frozen",1.5,0.0,0.23,0.0,0.0,0.0,0.046,30.666666666666668,1.5003299209188166e-06
"Shark fins, fresh or chilled",1.5,1.14,0.57,0.0,0.03,0.01,0.35,233.33333333333334,1.141555374612143e-05
"Shark fins, frozen",1.5,0.0,2.9,0.0,0.03,0.01,0.5879999999999999,391.99999999999994,1.9178130293483998e-05
"Shark fins, prepared or preserved",1.5,1.7800000000000002,0.44,0.1,0.07,0.17,0.512,341.3333333333333,1.6699324337183345e-05
Shark oil,1.5,0.0,3.2,0.0,0.0,0.76,0.792,528.0,2.5831767334080493e-05
"Sharks nei, fresh or chilled",1.5,4.1,1.3199999999999998,11.49,1.81,1.72,4.087999999999999,2725.3333333333326,0.00013333366775469826
"Shrimps Crangon crangon, in shell or not, dried, salted/in brine, smoked,  (excl. cooked by steaming/boiling in water)",1.5,0.17,0.33,0.35000000000000003,0.0,0.55,0.28,186.66666666666666,9.132442996897142e-06
"Shrimps Crangon crangon, in shell or not, dried, salted/in brine, smoked,  cooked by steaming/boiling in water",1.5,6336.2300000000005,5249.13,5676.65,6305.779999999999,5457.24,5805.005999999999,3870003.9999999995,0.18933530854159247
"Shrimps Crangon crangon, in shell or not, live, fresh or chilled",1.5,4497.650000000001,5049.12,3954.2100000000005,4577.57,4403.39,4496.388000000001,2997592.0000000005,0.14665359679261558
"Shrimps Crangon crangon, live",1.5,1408.9,904.62,559.37,253.99,0.31,625.438,416958.6666666667,0.020399203153904845
"Shrimps Crangon nei (excl. Crangon crangon), in shell or not, dried, salted/in brine, smoked,  cooked by steaming/boiling in water",1.5,0.31,236.74,156.29,5.039999999999999,93.43,98.36200000000001,65574.66666666667,0.003208161993074275
"Shrimps Crangon nei (excl. Crangon crangon), in shell or not, live, fresh or chilled",1.5,3.33,3.23,0.0,0.19,0.02,1.354,902.6666666666666,4.41618850635669e-05
"Shrimps Pandalidae nei (excl. Pandalus spp), in shell or not, dried, salted/in brine, smoked,  cooked by steaming/boiling in water",1.5,111.92,236.81,60.19,24.26,16.97,90.03,60020.0,0.0029364065821808924
"Shrimps Pandalidae nei (excl. Pandalus spp), in shell or not, live, fresh or chilled",1.5,83.26,84.92,3.41,5.9,2.31,35.96,23973.333333333332,0.0011728666077443616
"Shrimps and prawns (Pandalus spp.), frozen",1.5,15831.279999999999,17545.97,19016.510000000002,17794.89,15944.0,17226.53,11484353.333333334,0.5618582259262093
"Shrimps and prawns (Penaeus spp.), frozen",1.5,21368.13,20548.44,22938.19,18494.09,19370.62,20543.893999999997,13695929.33333333,0.67005693174749
"Shrimps and prawns Pandalus spp, in shell or not, dried, salted/in brine, smoked,  cooked by steaming/boiling in water",1.5,680.34,883.97,810.17,1007.01,1199.56,916.2099999999998,610806.6666666665,0.02988298427923975
"Shrimps and prawns, cooked, frozen",1.5,30.39,262.72,331.08,817.49,1403.8799999999999,569.112,379408.0,0.0185620817816076
"Shrimps and prawns, dried, salted or in brine, smoked nei",1.5,589.96,585.4499999999999,553.6999999999999,462.22999999999996,623.22,562.9119999999999,375274.66666666657,0.018359863400962014
"Shrimps and prawns, in shell or not, live, fresh or chilled (excl. Pandalidae, Crangon)",1.5,491.06,852.74,1025.85,1703.1000000000001,1908.41,1196.232,797488.0,0.03901614482522952
"Shrimps and prawns, live, fresh or chilled, nei",1.5,1.94,0.0,0.0,0.21,0.02,0.434,289.3333333333333,1.4155286645190573e-05
"Shrimps and prawns, not cooked, frozen",1.5,0.55,23.31,39.65,75.65,68.69999999999999,41.571999999999996,27714.66666666666,0.0013559068580964572
"Shrimps and prawns, other than coldwater, even smoked, frozen",1.5,5667.37,7829.03,6034.31,5774.070000000001,4284.030000000001,5917.762,3945174.6666666665,0.19301294333644298
"Shrimps and prawns, prep. or pres., in airtight containers",1.5,23896.61,26205.58,25039.8,30386.51,23451.68,25796.036,17197357.333333332,0.8413601011282379
"Shrimps and prawns, prep. or pres., not in airtight containers",1.5,17045.01,15982.13,15538.65,15567.599999999999,12597.05,15346.088,10230725.333333334,0.500525978162026
"Shrimps of the family Pandalidae nei (excl Pandalus spp), frozen",1.5,6.15,3.64,3.74,19.57,223.62,51.34400000000001,34229.333333333336,0.0016746291186881678
"Shrimps of the genus Crangon nei (excl. Crangon crangon), frozen",1.5,1.8,2.03,1.5999999999999999,3.9899999999999998,2.4,2.364,1576.0,7.710391158808874e-05
"Skipjack prepared or preserved, not minced, nei",1.5,20411.39,27707.14,32703.39,31523.01,24268.960000000003,27322.778,18215185.333333332,0.8911561164352692
"Skipjack tuna (stripe-bellied bonito) (Katsuwonus pelamis), fresh or chilled",1.5,10.75,5.9,19.06,15.41,20.47,14.317999999999998,9545.333333333332,0.00046699399581990464
"Skipjack tuna (stripe-bellied bonito) (Katsuwonus pelamis), frozen",1.5,34.730000000000004,43.980000000000004,1.84,10.030000000000001,7.36,19.588,13058.666666666666,0.0006388796193686473
"Skipjack, prepared or preserved, whole or in pieces, not minced, in oil",1.5,15032.099999999999,16388.29,17499.53,18514.77,11227.72,15732.482,10488321.333333334,0.5131285538025371
"Sockeye salmon (red salmon)(Oncorhynchus nerka), frozen",1.5,489.87,330.19,1149.16,781.91,356.98,621.6220000000001,414414.66666666674,0.020274741002204277
"Soles (Solea spp), frozen, nei",1.5,12.94,6.47,34.98,14.68,35.6,20.933999999999997,13955.999999999998,0.0006827805774894456
"Solubles from fish and marine mammals, nei",1.5,13757.27,8946.5,4218.65,8071.599999999999,23894.64,11777.732,7851821.333333333,0.38414095043832636
"Southern blue whiting (Micromesistius australis), frozen",1.5,0.0,0.0,0.0,0.02,0.0,0.004,2.6666666666666665,1.3046347138424489e-07
"Southern bluefin tuna (Thunnus maccoyii), fresh or chilled",1.5,0.0,0.0,0.0,0.0,0.19,0.038,25.333333333333332,1.2394029781503265e-06
"Southern bluefin tuna(Thunnus maccoyii), frozen",1.5,0.0,0.07,0.0,0.03,0.0,0.02,13.333333333333334,6.523173569212246e-07
"Southern hake, fresh or chilled",1.5,102.71000000000001,69.41,11.83,4.29,11.23,39.894,26596.0,0.0013011774318507667
"Southern hake, frozen",1.5,0.0,0.0,0.0,0.07,0.01,0.016,10.666666666666666,5.218538855369795e-07
"Squid ""Loligo spp."", smoked, dried, salted/in brine, with or without shell",1.5,103.43,83.00999999999999,70.1,62.32,19.19,67.60999999999999,45073.33333333332,0.002205158825072199
"Squid ""Ommastrephes spp."", ""Nototodarus spp."" and ""Sepioteuthis spp."" (excl Ommastrephes sagittatus), smoked, dried, salted/in brine",1.5,17.86,17.810000000000002,29.16,18.840000000000003,10.66,18.866,12577.333333333334,0.0006153309627837913
"Squid (Illex spp.), frozen",1.5,709.88,485.53,700.41,671.4799999999999,729.37,659.334,439556.0,0.021504750610414933
"Squid (Ommastrephes sagittatus, Loligo spp.), frozen",1.5,1258.49,1414.57,2370.75,1614.01,1534.53,1638.47,1092313.3333333333,0.05344012098973594
"Squid (Ommastrephes spp., Nototodarus spp., Sepioteuthis spp. (excl Ommastrephes sagittatus)), frozen",1.5,389.92,252.33,198.12,180.64,171.64,238.53000000000003,159020.00000000003,0.007779862957320987
"Squids (Ommastrephes sagittatus, Loligo spp.), live, fresh or chilled",1.5,1027.92,522.73,896.0,1395.12,1221.8999999999999,1012.734,675156.0,0.033031198307212975
"Squids, live,fresh or chilled, nei",1.5,48.16,12.190000000000001,24.98,1.8900000000000001,1.88,17.82,11880.0,0.0005812147650168111
"Striped venus or other species of the family Veneridae, frozen",1.5,16.58,27.14,2.1999999999999997,2.04,40.85,17.762,11841.333333333334,0.0005793230446817396
"Stromboid conchs, dried, salted or in brine, smoked",1.5,0.0,0.0,0.0,0.01,0.0,0.002,1.3333333333333333,6.523173569212244e-08
"Swordfish fillets, fresh or chilled",1.5,804.02,727.63,457.03999999999996,484.24,548.8100000000001,604.3480000000001,402898.66666666674,0.019711334501031415
"Swordfish fillets, frozen",1.5,102.82,9.0,27.68,10.46,10.31,32.054,21369.333333333336,0.0010454690279376468
"Swordfish meat, frozen",1.5,8.06,5.930000000000001,7.720000000000001,47.19,0.81,13.942000000000002,9294.666666666668,0.0004547304295097857
"Swordfish, fresh or chilled",1.5,13.09,5.81,7.25,9.08,6.890000000000001,8.424,5616.0,0.0002747560707352198
"Swordfish, frozen",1.5,13.36,6.33,2.2199999999999998,10.53,56.55,17.798,11865.333333333334,0.0005804972159241978
"Swordfish, meat, fresh or chilled",1.5,939.84,1063.8999999999999,1083.6499999999999,367.23,406.18,772.1599999999999,514773.33333333326,0.025184668516014638
"Tilapia fillets, fresh or chilled",1.5,1160.25,253.51000000000002,854.0699999999999,670.31,456.58,678.944,452629.3333333333,0.022144347778876194
"Tilapia fillets, frozen",1.5,1258.9299999999998,1509.05,1674.68,1941.72,1681.01,1613.078,1075385.3333333333,0.052611938873388754
"Tilapia, catfish, carp, eel, Nile perch and snakeheads, fillets, dried/salted/brine, not smoked",1.5,0.24000000000000002,2.71,1.47,47.88,8.63,12.186000000000002,8124.000000000001,0.00039745696557210217
"Tilapias, catfish, carp, eels, Nile perch and snakeheads  meat, frozen",1.5,30.419999999999998,19.939999999999998,29.94,7.52,75.49,32.662,21774.666666666668,0.001065299475588052
"Tilapias, catfish, carp, eels, Nile perch and snakeheads, including fillets, smoked",1.5,10.969999999999999,8.67,8.33,6.609999999999999,14.94,9.904,6602.666666666667,0.00032302755514739044
"Tilapias, catfish, carp, eels, Nile perch and snakeheads, salted or in brine",1.5,1.8599999999999999,0.29,0.0,1.1,0.0,0.65,433.3333333333333,2.1200314099939797e-05
"Tilapias, catfish, carp, eels, Nile perch, snakeheads, dried, whether or not salted, not smoked, nei",1.5,23.83,4.24,1.2500000000000002,1.33,0.22,6.1739999999999995,4115.999999999999,0.00020137036808158198
"Tilapias, fresh or chilled",1.5,81.24,30.939999999999998,8.6,4.86,3.11,25.75,17166.666666666668,0.0008398585970360767
"Tilapias, frozen",1.5,2016.5,2817.14,2842.2699999999995,2593.81,3019.65,2657.874,1771916.0,0.08668886713548214
"Toothfish (Dissostichus spp.), fillets, fresh or chilled",1.5,148.33,138.45,0.0,0.0,0.0,57.355999999999995,38237.33333333333,0.0018707157161786878
"Toothfish (Dissostichus spp.), fillets, frozen",1.5,2.21,1.76,1.8900000000000001,11.67,14.0,6.306,4204.0,0.00020567566263726212
"Toothfish (Dissostichus spp.), fresh or chilled",1.5,1.05,8.37,5.05,0.11,0.23,2.9619999999999997,1974.6666666666663,9.660820056003334e-05
"Toothfish (Dissostichus spp.), frozen",1.5,81.85,54.85,16.509999999999998,39.63999999999999,22.78,43.12599999999999,28750.66666666666,0.0014065919167292364
"Toothfish (Dissostichus spp.), meat, fresh or chilled",1.5,4.01,6.02,7.67,10.15,10.58,7.686,5124.0,0.0002506855602648266
"Toothfish (Dissostichus spp.), meat, frozen",1.5,922.79,464.49,43.31,2.26,11.290000000000001,288.828,192552.0,0.009420375878242173
"Trout fillets, fresh and chilled",1.5,1301.13,1581.8899999999999,2264.84,1383.08,1007.78,1507.7440000000001,1005162.6666666669,0.04917637904969175
"Trout fillets, frozen",1.5,1124.82,1563.84,1899.45,1889.81,1998.48,1695.28,1130186.6666666667,0.05529302844207068
Trouts and chars live,1.5,8656.789999999999,9053.77,8944.73,7649.500000000001,8226.32,8506.222,5670814.666666667,0.27743781262125866
"Trouts and chars, fresh or chilled",1.5,7670.43,10026.62,7829.28,8151.06,7944.5599999999995,8324.39,5549593.333333333,0.2715072041390736
"Trouts and chars, frozen",1.5,4244.72,5709.21,3735.17,3881.47,3379.85,4190.084,2793389.3333333335,0.13666322600789563
"Trouts and chars, smoked",1.5,2912.0,2747.7400000000002,2440.02,2068.3,2139.3,2461.472,1640981.3333333333,0.08028304545878001
"Tuna loins and fillets, fresh or chilled",1.5,0.0,0.02,0.0,0.0,0.0,0.004,2.6666666666666665,1.3046347138424489e-07
"Tuna loins, prepared or preserved",1.5,2233.6699999999996,2215.2599999999998,1963.6000000000001,3971.29,2452.96,2567.3559999999998,1711570.6666666667,0.08373654400979239
"Tunas (of the genus Thunnus), skipjack tuna (stripe-bellied bonito) (Katsuwonus pelamis), fillets, frozen",1.5,2433.6099999999997,2649.62,1985.56,1449.65,1342.68,1972.2239999999997,1314815.9999999998,0.06432579734683025
"Tunas nei, frozen",1.5,114.3,65.07,44.33,782.87,792.9,359.89399999999995,239929.33333333328,0.011738255142590357
"Tunas prepared or preserved, not minced, in oil",1.5,1499.3100000000002,1455.7299999999998,1038.22,1080.49,1066.62,1228.074,818716.0,0.0400546992891838
"Tunas, bonitos, billfishes, nei, minced, prepared or preserved",1.5,3073.9300000000003,3240.07,3418.04,3587.98,3042.94,3272.592,2181728.0,0.1067384281860772
"Tunas, fresh or chilled, nei",1.5,40.32,12.48,9.53,9.96,28.91,20.24,13493.333333333334,0.0006601451652042794
"Tunas, skipjack tuna and bonito (Sarda spp.), prepared or preserved",1.5,457.64,608.61,1832.55,2858.11,1747.47,1500.876,1000584.0,0.04895237326932499
"Turbot, fresh or chilled",1.5,1429.27,1546.6,1719.77,1325.28,1269.07,1457.9979999999998,971998.6666666665,0.047553870087821574
"Turbots, frozen",1.5,85.47,61.57,83.46,94.64,75.85000000000001,80.19800000000001,53465.33333333334,0.002615727369518419
"Tusk, dried, whether or not salted, but not smoked",1.5,448.86,600.99,501.54999999999995,483.13,481.3,503.166,335444.0,0.016411195760631245
"Whiting (Merlangius merlangus), fresh or chilled",1.5,2395.04,3408.01,3201.6800000000003,3835.75,4612.65,3490.6259999999993,2327083.9999999995,0.11384979631602529
"Whiting fillets, frozen",1.5,1873.31,1807.23,218.55,247.57,202.5,869.832,579888.0,0.02837032556027513
"Whiting, frozen",1.5,21.22,57.82,45.050000000000004,31.22,38.21,38.704,25802.666666666668,0.001262364549113954
"Whole lobsters Homarus spp,  in shell or not, dried, salted/in brine, smoked,  cooked by steaming/boiling in water",1.5,3.7199999999999998,5.27,3.8300000000000005,0.17,0.19,2.6359999999999997,1757.333333333333,8.597542764221739e-05
"Wolffish (=Catfish) fillets, frozen",1.5,8.54,1.02,8.81,0.83,3.0100000000000002,4.441999999999999,2961.3333333333326,0.00014487968497220395
"Wolffish (=catfish), fresh or chilled",1.5,536.3,555.04,389.74,322.86,351.10999999999996,431.01000000000005,287340.00000000006,0.014057765200330854
"Wolffishes (=Catfishes), frozen",1.5,150.85999999999999,118.25,432.58000000000004,625.24,170.07,299.4,199600.0,0.009765190833110731
"Yellowfin tuna, fresh or chilled",1.5,540.0699999999999,434.47999999999996,331.60999999999996,383.77,296.14,397.21399999999994,264809.3333333333,0.012955479330605365
"Yellowfin tuna, frozen, nei",1.5,527.34,430.28000000000003,138.27,61.36,22.62,235.974,157316.0,0.007696496799106453
